{"client_meta":{"background_color":{"r":0.8980392217636108,"g":0.8980392217636108,"b":0.8980392217636108,"a":1},"thumbnail_size":{"width":400,"height":219},"render_coordinates":{"x":-775,"y":-449,"width":4362,"height":2392}},"file_name":"wba-web-responzivni-1"}